-- MT_ORGANIZATION: 모든 조직
insert into ITE.MT_ORGANIZATION (ORG_CD, ORG_NM, UPPER_ORG_CD, ORG_USE_YN, DEL_YN, REGISTER_ID, REGIST_DT, UPDUSR_ID, UPDT_DT, ORG_CDWPTR_CD, ORG_SE_CD) values ('R100000001', '경상북도교육청', '0000000000', 'Y', 'N', 'ITE', '2006-07-24', 'ITE', '2020-12-17', 'R001', '1');
insert into ITE.MT_ORGANIZATION (ORG_CD, ORG_NM, UPPER_ORG_CD, ORG_USE_YN, DEL_YN, REGISTER_ID, REGIST_DT, UPDUSR_ID, UPDT_DT, ORG_CDWPTR_CD, ORG_SE_CD) values ('R900000004', '지역교육지원청', 'R100000001', 'Y', 'N', 'ITE', '2002-05-01', 'ITE', '2020-12-17', 'R0012009', '3');
insert into ITE.MT_ORGANIZATION (ORG_CD, ORG_NM, UPPER_ORG_CD, ORG_USE_YN, DEL_YN, REGISTER_ID, REGIST_DT, UPDUSR_ID, UPDT_DT, ORG_CDWPTR_CD, ORG_SE_CD) values ('R100000168', '경상북도경주교육지원청', 'R900000004', 'Y', 'N', 'ITE', '2005-03-17', 'ITE', '2020-12-17', 'R00120093002', '1');
insert into ITE.MT_ORGANIZATION (ORG_CD, ORG_NM, UPPER_ORG_CD, ORG_USE_YN, DEL_YN, REGISTER_ID, REGIST_DT, UPDUSR_ID, UPDT_DT, ORG_CDWPTR_CD, ORG_SE_CD) values ('R900000013', '유치원', 'R100000168', 'Y', 'N', 'ITE', '2002-05-01', 'ITE', '2020-12-17', 'R001200930024007', '3');
insert into ITE.MT_ORGANIZATION (ORG_CD, ORG_NM, UPPER_ORG_CD, ORG_USE_YN, DEL_YN, REGISTER_ID, REGIST_DT, UPDUSR_ID, UPDT_DT, ORG_CDWPTR_CD, ORG_SE_CD) values ('R100001277', '불국사초등학교병설유치원', 'R900000013', 'Y', 'N', 'ITE', '2003-01-09', 'ITE', '2020-12-17', 'R0012009300240075008', '1');
insert into ITE.MT_ORGANIZATION (ORG_CD, ORG_NM, UPPER_ORG_CD, ORG_USE_YN, DEL_YN, REGISTER_ID, REGIST_DT, UPDUSR_ID, UPDT_DT, ORG_CDWPTR_CD, ORG_SE_CD) values ('R900000012', '초등학교', 'R100000168', 'Y', 'N', 'ITE', '2002-05-01', 'ITE', '2020-12-17', 'R001200930024006', '3');
insert into ITE.MT_ORGANIZATION (ORG_CD, ORG_NM, UPPER_ORG_CD, ORG_USE_YN, DEL_YN, REGISTER_ID, REGIST_DT, UPDUSR_ID, UPDT_DT, ORG_CDWPTR_CD, ORG_SE_CD) values ('R100001181', '불국사초등학교', 'R900000012', 'Y', 'N', 'ITE', '2002-08-12', 'ITE', '2020-12-17', 'R0012009300240065007', '1');
insert into ITE.MT_ORGANIZATION (ORG_CD, ORG_NM, UPPER_ORG_CD, ORG_USE_YN, DEL_YN, REGISTER_ID, REGIST_DT, UPDUSR_ID, UPDT_DT, ORG_CDWPTR_CD, ORG_SE_CD) values ('R900000011', '중학교', 'R100000168', 'Y', 'N', 'ITE', '2002-05-01', 'ITE', '2020-12-17', 'R001200930024005', '3');
insert into ITE.MT_ORGANIZATION (ORG_CD, ORG_NM, UPPER_ORG_CD, ORG_USE_YN, DEL_YN, REGISTER_ID, REGIST_DT, UPDUSR_ID, UPDT_DT, ORG_CDWPTR_CD, ORG_SE_CD) values ('R100001134', '신라중학교', 'R900000011', 'Y', 'N', 'ITE', '2002-08-12', 'ITE', '2020-12-17', 'R0012009300240055001', '1');
insert into ITE.MT_ORGANIZATION (ORG_CD, ORG_NM, UPPER_ORG_CD, ORG_USE_YN, DEL_YN, REGISTER_ID, REGIST_DT, UPDUSR_ID, UPDT_DT, ORG_CDWPTR_CD, ORG_SE_CD) values ('R100000879', '신라고등학교', 'R900000002', 'Y', 'N', 'ITE', '2002-08-12', 'ITE', '2020-12-17', 'R00120103123', '1');

-- MT_LOCAL_MATCHING: 관리조직 (지역청-관리학교, 초등학교-병설유치원 등) 매칭
insert into ITE.MT_LOCAL_MATCHING (ORG_CD, TOP_ORG_CD, DEL_YN, INS_ID, INS_DTM, UPD_ID, UPD_DTM) values ('R100000001', 'R100000001', 'N', 'ITE', '2021-02-04', 'ITE', '2021-02-04');
insert into ITE.MT_LOCAL_MATCHING (ORG_CD, TOP_ORG_CD, DEL_YN, INS_ID, INS_DTM, UPD_ID, UPD_DTM) values ('R100000168', 'R100000168', 'N', 'ITE', '2021-02-04', 'ITE', '2021-02-04');
insert into ITE.MT_LOCAL_MATCHING (ORG_CD, TOP_ORG_CD, DEL_YN, INS_ID, INS_DTM, UPD_ID, UPD_DTM) values ('R100001134', 'R100000168', 'N', 'ITE', '2021-01-13', 'ITE', '2021-01-13');
insert into ITE.MT_LOCAL_MATCHING (ORG_CD, TOP_ORG_CD, DEL_YN, INS_ID, INS_DTM, UPD_ID, UPD_DTM) values ('R100001181', 'R100000168', 'N', 'ITE', '2021-01-13', 'ITE', '2021-01-13');
insert into ITE.MT_LOCAL_MATCHING (ORG_CD, TOP_ORG_CD, DEL_YN, INS_ID, INS_DTM, UPD_ID, UPD_DTM) values ('R100001277', 'R100000168', 'Y', 'ITE', '2021-01-13', 'ITE', '2021-01-13');

-- MT_ORG_MATCHING: 기관-소속부서(학교-부서, 지역청-부서, 교육청-부서 등) 매칭
insert into ITE.MT_ORG_MATCHING (ORG_CD, TOP_ORG_CD, INS_ID, INS_DTM, UPD_ID, UPD_DTM, DEL_YN) values ('R100000001', 'R100000001', 'ITE', '2021-02-05', 'ITE', '2021-02-05', 'N');
insert into ITE.MT_ORG_MATCHING (ORG_CD, TOP_ORG_CD, INS_ID, INS_DTM, UPD_ID, UPD_DTM, DEL_YN) values ('R100000168', 'R100000168', 'ITE', '2021-02-05', 'ITE', '2021-02-05', 'N');
insert into ITE.MT_ORG_MATCHING (ORG_CD, TOP_ORG_CD, INS_ID, INS_DTM, UPD_ID, UPD_DTM, DEL_YN) values ('R100000879', 'R100000879', 'ITE', '2021-02-05', 'ITE', '2021-02-05', 'N');
insert into ITE.MT_ORG_MATCHING (ORG_CD, TOP_ORG_CD, INS_ID, INS_DTM, UPD_ID, UPD_DTM, DEL_YN) values ('R100001134', 'R100001134', 'ITE', '2021-02-05', 'ITE', '2021-02-05', 'N');
insert into ITE.MT_ORG_MATCHING (ORG_CD, TOP_ORG_CD, INS_ID, INS_DTM, UPD_ID, UPD_DTM, DEL_YN) values ('R100001181', 'R100001181', 'ITE', '2021-02-05', 'ITE', '2021-02-05', 'N');
insert into ITE.MT_ORG_MATCHING (ORG_CD, TOP_ORG_CD, INS_ID, INS_DTM, UPD_ID, UPD_DTM, DEL_YN) values ('R100001277', 'R100001181', 'ITE', '2021-03-30', 'ITE', '2021-03-30', 'N');

-- MT_USER: 접속 사용자(NICE 인사 및 추가 메신저 계정)
insert into ITE.MT_USER (USER_ID, LOGIN_NAME, PW, NAME, DISPLAY_NAME, BIRTHDAY, PIC_FILE_PATH, INTRO, LOGIN_FAIL_CNT, REAL_NAME_CERT_KIND, REAL_NAME_CERT_KEY, REAL_NAME_CERT_DTM, STS_KIND, STS_DTM, INS_ID, INS_DTM, UPD_ID, UPD_DTM, COMPANY_ID, POSITION_ID, DEL_YN, PHONE, ORG_CD, ORG_NM, OFCPS_NM, OFCPS_CD, USE_YN, CMPS_ORG_CD, CMPS_ORG_NM, CLSF_CD, CLSF_NM) values (1, 'admin', 'JfQ7FIatlaE5jj7rPYO8QBABX8yb7bNbQy4AKY1QIfc=', '관리자', null, '1985-01-05', null, null, 0, '9', null, null, '1', '2017-01-25', 'ITE', '2017-03-09', 'ITE', '2021-02-24', null, null, 'N', null, 'R100000001', '경상북도교육청', null, null, 'Y', null, null, null, null);
insert into ITE.MT_USER (USER_ID, LOGIN_NAME, PW, NAME, DISPLAY_NAME, BIRTHDAY, PIC_FILE_PATH, INTRO, LOGIN_FAIL_CNT, REAL_NAME_CERT_KIND, REAL_NAME_CERT_KEY, REAL_NAME_CERT_DTM, STS_KIND, STS_DTM, INS_ID, INS_DTM, UPD_ID, UPD_DTM, COMPANY_ID, POSITION_ID, DEL_YN, PHONE, ORG_CD, ORG_NM, OFCPS_NM, OFCPS_CD, USE_YN, CMPS_ORG_CD, CMPS_ORG_NM, CLSF_CD, CLSF_NM) values (2, 'gbeadmin', 'D0g1OLVuhLQPIu/FQ5xWumVo8N+p4bk76IYwold5caM=', '경상북도교육청', null, '2020-12-31', null, null, 0, '9', null, '2021-08-19', 'ITE', '2021-08-19', 'ITE', '2021-08-19', null, null, null, null, 'N', null, 'R100000001', '경상북도교육청', null, null, 'Y', null, null, null, null);
insert into ITE.MT_USER (USER_ID, LOGIN_NAME, PW, NAME, DISPLAY_NAME, BIRTHDAY, PIC_FILE_PATH, INTRO, LOGIN_FAIL_CNT, REAL_NAME_CERT_KIND, REAL_NAME_CERT_KEY, REAL_NAME_CERT_DTM, STS_KIND, STS_DTM, INS_ID, INS_DTM, UPD_ID, UPD_DTM, COMPANY_ID, POSITION_ID, DEL_YN, PHONE, ORG_CD, ORG_NM, OFCPS_NM, OFCPS_CD, USE_YN, CMPS_ORG_CD, CMPS_ORG_NM, CLSF_CD, CLSF_NM) values (3, 'gjsysop', 'D22j1eWpucYnTLxpqhsbJQHKqyLJV2/wL4A4vctkDIE=', '경주교육지원청', null, '2020-12-31', null, null, 0, '9', null, '2021-08-19', 'ITE', '2021-08-19', 'ITE', '2021-08-19', null, null, null, null, 'N', null, 'R100000168', '경주교육지원청', null, null, 'Y', null, null, null, null);
insert into ITE.MT_USER (USER_ID, LOGIN_NAME, PW, NAME, DISPLAY_NAME, BIRTHDAY, PIC_FILE_PATH, INTRO, LOGIN_FAIL_CNT, REAL_NAME_CERT_KIND, REAL_NAME_CERT_KEY, REAL_NAME_CERT_DTM, STS_KIND, STS_DTM, INS_ID, INS_DTM, UPD_ID, UPD_DTM, COMPANY_ID, POSITION_ID, DEL_YN, PHONE, ORG_CD, ORG_NM, OFCPS_NM, OFCPS_CD, USE_YN, CMPS_ORG_CD, CMPS_ORG_NM, CLSF_CD, CLSF_NM) values (4, 'sohyun008', 'mHTpjq0LGImrodH56qUDDhqVua34kHbU1xnVTKf16Jg=', '신라고등학교', null, '2020-12-31', null, null, 0, '9', null, '2021-08-19', 'ITE', '2021-08-19', 'ITE', '2021-08-19', null, null, null, null, 'N', null, 'R100000879', '신라고등학교', null, null, 'Y', null, null, null, null);
insert into ITE.MT_USER (USER_ID, LOGIN_NAME, PW, NAME, DISPLAY_NAME, BIRTHDAY, PIC_FILE_PATH, INTRO, LOGIN_FAIL_CNT, REAL_NAME_CERT_KIND, REAL_NAME_CERT_KEY, REAL_NAME_CERT_DTM, STS_KIND, STS_DTM, INS_ID, INS_DTM, UPD_ID, UPD_DTM, COMPANY_ID, POSITION_ID, DEL_YN, PHONE, ORG_CD, ORG_NM, OFCPS_NM, OFCPS_CD, USE_YN, CMPS_ORG_CD, CMPS_ORG_NM, CLSF_CD, CLSF_NM) values (5, 'silla1234', 'ZYMk6wok1tNquxG1Ol+3dvP7QUGmxdGAifb6falz9WA=', '신라중학교', null, '2020-12-31', null, null, 0, '9', null, '2021-08-19', 'ITE', '2021-08-19', 'ITE', '2021-08-19', null, null, null, null, 'N', null, 'R100001134', '신라중학교', null, null, 'Y', null, null, null, null);
insert into ITE.MT_USER (USER_ID, LOGIN_NAME, PW, NAME, DISPLAY_NAME, BIRTHDAY, PIC_FILE_PATH, INTRO, LOGIN_FAIL_CNT, REAL_NAME_CERT_KIND, REAL_NAME_CERT_KEY, REAL_NAME_CERT_DTM, STS_KIND, STS_DTM, INS_ID, INS_DTM, UPD_ID, UPD_DTM, COMPANY_ID, POSITION_ID, DEL_YN, PHONE, ORG_CD, ORG_NM, OFCPS_NM, OFCPS_CD, USE_YN, CMPS_ORG_CD, CMPS_ORG_NM, CLSF_CD, CLSF_NM) values (6, 'kbs5841', '3DQ7Rxg2aQg37cFpiLK8gSxa7tT3FFJGF8LCARUXLdI=', '불국사초등학교', null, '2020-12-31', null, null, 0, '9', null, '2021-08-19', 'ITE', '2021-08-19', 'ITE', '2021-08-19', null, null, null, null, 'N', null, 'R100001181', '불국사초등학교', null, null, 'Y', null, null, null, null);
